<?xml version="1.0" encoding="utf-8"?>
<rss version="2.0" xmlns:sparkle="http://www.andymatuschak.org/xml-namespaces/sparkle"  xmlns:dc="http://purl.org/dc/elements/1.1/">
    <channel>
        <title>iTunesLyric App Changelog</title>
        <description>Most recent changes with links to updates.</description>
        <language>en</language>
        <item>
            <title>Version 2.0</title>
            <description>
                <![CDATA[
                    <ul>
                    <li>Lorem ipsum dolor sit amet, consectetur adipiscing elit.</li>
                    <li>Suspendisse sed felis ac ante ultrices rhoncus. Etiam quis elit vel nibh placerat facilisis in id leo.</li>
                    <li>Vestibulum nec tortor odio, nec malesuada libero. Cras vel convallis nunc.</li>
                    <li>Suspendisse tristique massa eget velit consequat tincidunt. Praesent sodales hendrerit pretium.</li>
                    </ul>
                ]]>
            </description>
            <pubDate>Sat, 26 Jul 2014 15:20:11 +0000</pubDate>
            <enclosure url="http://nj02all01.baidupcs.com/file/84759c5118cb4eda62765e13d1dff551?bkt=p3-140084759c5118cb4eda62765e13d1dff5519d0bea5200000029736d&fid=3892372075-250528-185456577499775&time=1449394316&sign=FDTAXGERLBH-DCb740ccc5511e5e8fedcff06b081203-nWWLRV%2B%2B3HI5oqKLz%2FEVKSwr39c%3D&to=nj2hb&fm=Nan,B,T,t&sta_dx=3&sta_cs=0&sta_ft=zip&sta_ct=0&fm2=Nanjing02,B,T,t&newver=1&newfm=1&secfm=1&flow_ver=3&pkey=140084759c5118cb4eda62765e13d1dff5519d0bea5200000029736d&sl=75235406&expires=8h&rt=sh&r=191515601&mlogid=7879309762601857136&vuk=3892372075&vbdid=2216610343&fin=iTunesLyrics2_0.zip&slt=pm&uta=0&rtype=1&iv=0&isw=0&dp-logid=7879309762601857136&dp-callid=0.1.1" sparkle:version="2.0" length="2716525" type="application/octet-stream" sparkle:dsaSignature="MCwCFGeN+NAyrguQKVOQxDY3lo2TlB76AhQpyX9ngaOYjBKNF9IQhV3ZsxjrrA==" />
        </item>
    </channel>
</rss>