<?xml version="1.0" encoding="utf-8"?>
<rss version="2.0" xmlns:sparkle="http://www.andymatuschak.org/xml-namespaces/sparkle"  xmlns:dc="http://purl.org/dc/elements/1.1/">
  <channel>
    <title>iTunesLyric App Changelog</title>
    <description>Most recent changes with links to updates.</description>
    <language>zh</language>
      <item>
        <title>Version 2.0</title>
        <description>
          <![CDATA[
            <ul>
            
            </ul>
          ]]>
        </description>
        <pubDate>Sat, 26 Jul 2014 15:20:11 +0000</pubDate>
        <enclosure url="" sparkle:version="2.0" length="$INSERT_ARCHIVE_LENGTH" type="application/octet-stream" sparkle:dsaSignature="$INSERT_DSA_SIGNATURE" />
      </item>
  </channel>
</rss>
